Handle,Title,Body (HTML),Vendor,Product Category,Type,Tags,Published,Option1 Name,Option1 Value,Option2 Name,Option2 Value,Option3 Name,Option3 Value,Variant SKU,Variant Grams,Variant Inventory Tracker,Variant Inventory Qty,Variant Inventory Policy,Variant Fulfillment Service,Variant Price,Variant Compare At Price,Variant Requires Shipping,Variant Taxable,Variant Barcode,Image Src,Image Position,Image Alt Text,Gift Card,SEO Title,SEO Description,Google Shopping / Google Product Category,Google Shopping / Gender,Google Shopping / Age Group,Google Shopping / MPN,Google Shopping / AdWords Grouping,Google Shopping / AdWords Labels,Google Shopping / Condition,Google Shopping / Custom Product,Google Shopping / Custom Label 0,Google Shopping / Custom Label 1,Google Shopping / Custom Label 2,Google Shopping / Custom Label 3,Google Shopping / Custom Label 4,Variant Image,Variant Weight Unit,Variant Tax Code,Cost per item,Status
mysore-sandalwood-amber,Mysore Sandalwood & Amber,"<div class=""moamlight-product-description"" style=""font-family: 'Playfair Display', Georgia, serif; color: #2A2521; line-height: 1.8;"">
  <p class=""tagline"" style=""font-size: 1.15rem; font-style: italic; color: #8C4329; margin-bottom: 1.5rem; font-weight: 500;"">
    ""Sacred temple woods, golden amber resin, and grounding cardamom.""
  </p>

  <section class=""story-section"" style=""margin-bottom: 2rem;"">
    <h3 style=""font-size: 1.25rem; border-bottom: 1px solid #E6DCCD; padding-bottom: 0.5rem; text-transform: uppercase; letter-spacing: 0.1em; color: #1F1B18;"">
      The Olfactive Journey
    </h3>
    <p style=""font-size: 0.95rem; color: #4A423B; margin-top: 0.75rem;"">
      Centuries ago along the Kaveri river basin, sandalwood carvers filled Mysore courts with deep meditative smoke. We sourced ethically managed aged sandalwood roots and infused them with slow-aged golden amber resin to invoke peace and mindful focus in modern living spaces.
    </p>
  </section>

  <section class=""pyramid-section"" style=""margin-bottom: 2rem; background-color: #FAF7F2; padding: 1.25rem; border-radius: 8px; border: 1px solid #E6DCCD;"">
    <h3 style=""font-size: 1.1rem; text-transform: uppercase; letter-spacing: 0.08em; margin-top: 0; color: #8C4329;"">
      Scent Architecture
    </h3>
    <ul style=""list-style: none; padding-left: 0; margin: 0.75rem 0; font-size: 0.9rem;"">
      <li style=""margin-bottom: 0.5rem;""><strong>Top Notes:</strong> Sun-dried Cardamom Pods • Bergamot Rind • Frankincense Tears</li>
      <li style=""margin-bottom: 0.5rem;""><strong>Heart Notes:</strong> Aged Mysore Sandalwood Bark • Smoked Cedarwood • Papyrus Reed</li>
      <li style=""margin-bottom: 0.5rem;""><strong>Base Notes:</strong> Golden Amber Resin • Tahitian Vanilla • Cashmere Musk</li>
    </ul>
    <p style=""font-size: 0.85rem; font-style: italic; color: #6E6359; margin-bottom: 0;"">
      An ode to ancient South Indian temple sanctuaries, blending royal Mysore sandalwood with soothing cardamom and sacred balsamic ambers.
    </p>
  </section>

  <section class=""specs-section"" style=""margin-bottom: 2rem;"">
    <h3 style=""font-size: 1.1rem; border-bottom: 1px solid #E6DCCD; padding-bottom: 0.5rem; text-transform: uppercase; letter-spacing: 0.08em; color: #1F1B18;"">
      Artisan Specifications
    </h3>
    <table style=""width: 100%; border-collapse: collapse; font-size: 0.9rem; margin-top: 0.75rem;"">
      <tr>
        <td style=""padding: 6px 0; color: #6E6359; width: 35%;"">Wax Formulation:</td>
        <td style=""padding: 6px 0; color: #1F1B18; font-weight: 500;"">100% Golden Botanical Soy Wax</td>
      </tr>
      <tr>
        <td style=""padding: 6px 0; color: #6E6359;"">Wick:</td>
        <td style=""padding: 6px 0; color: #1F1B18; font-weight: 500;"">Dual Lead-Free Braided Egyptian Cotton</td>
      </tr>
      <tr>
        <td style=""padding: 6px 0; color: #6E6359;"">Vessel Design:</td>
        <td style=""padding: 6px 0; color: #1F1B18; font-weight: 500;"">Handcrafted Fluted Amber Glass with Teakwood Lid</td>
      </tr>
      <tr>
        <td style=""padding: 6px 0; color: #6E6359;"">Dimensions:</td>
        <td style=""padding: 6px 0; color: #1F1B18; font-weight: 500;"">8.5 cm Dia x 10 cm H</td>
      </tr>
      <tr>
        <td style=""padding: 6px 0; color: #6E6359;"">Burn Time:</td>
        <td style=""padding: 6px 0; color: #1F1B18; font-weight: 500;"">55+ Hours (200g) / 80+ Hours (450g)</td>
      </tr>
      <tr>
        <td style=""padding: 6px 0; color: #6E6359;"">Provenance:</td>
        <td style=""padding: 6px 0; color: #1F1B18; font-weight: 500;"">Artisan hand-poured in micro-batches, Bengaluru, India</td>
      </tr>
    </table>
  </section>

  <section class=""ritual-section"" style=""background: #F4EFEB; padding: 1.25rem; border-radius: 8px;"">
    <h3 style=""font-size: 1.1rem; text-transform: uppercase; letter-spacing: 0.08em; margin-top: 0; color: #1F1B18;"">
      The Lighting Ritual
    </h3>
    <p style=""font-size: 0.88rem; color: #4A423B; margin-bottom: 0.75rem;"">
      <strong>The First Burn:</strong> Burn uninterrupted for 3 to 4 hours on your first session until the golden liquid pool touches all four glass rims. This programs the memory of the soy wax and prevents tunneling.
    </p>
    <p style=""font-size: 0.88rem; color: #4A423B; margin-bottom: 0.75rem;"">
      <strong>Maintenance:</strong> Trim wicks to 5mm (1/4 inch) before each lighting. This preserves a whisper-clean, smokeless golden flame and extends candle longevity.
    </p>
    <p style=""font-size: 0.88rem; color: #4A423B; margin-bottom: 0;"">
      <strong>Vessel Rebirth:</strong> When 1/2 inch wax remains, pour hot water into the glass. The wax will float to the top and pop out upon cooling. Wash with mild soap and repurpose as an earthen succulent planter or tea light holder.
    </p>
  </section>
</div>",MOAMLIGHT,Home & Garden > Decor > Home Fragrances > Candles,Luxury Scented Candle,"Woody & Meditative, bestseller, featured, soy wax, luxury candles, hand-poured, clean burn, botanical fragrance",TRUE,Size,200g,,,,,MOAM-MYS-200,200,shopify,50,deny,manual,1299.00,1599.00,TRUE,TRUE,,https://images.unsplash.com/photo-1603006905003-be475563bc59?auto=format&fit=crop&w=1000&q=80,1,Mysore Sandalwood & Amber 200g Classic Amber Jar,FALSE,Mysore Sandalwood & Amber | Luxury Botanical Candle | MOAMLIGHT,"Sacred temple woods, golden amber resin, and grounding cardamom. Handcrafted botanical soy wax candle poured in micro-batches with pure essential oils.",,,,,,,,,,,,,,https://images.unsplash.com/photo-1603006905003-be475563bc59?auto=format&fit=crop&w=1000&q=80,g,,,active
mysore-sandalwood-amber,,,,,,,,Size,450g,,,,,MOAM-MYS-450,450,shopify,50,deny,manual,1899.00,2299.00,TRUE,TRUE,,https://images.unsplash.com/photo-1596433809252-260c2745dfdd?auto=format&fit=crop&w=1000&q=80,2,Mysore Sandalwood & Amber 450g Grand Ceramic Tumbler,,,,,,,,,,,,,,,,,https://images.unsplash.com/photo-1596433809252-260c2745dfdd?auto=format&fit=crop&w=1000&q=80,g,,,active
mysore-sandalwood-amber,,,,,,,,,,,,,,,,,,,,,,,,,https://images.unsplash.com/photo-1605651202774-7d573fd3f12d?auto=format&fit=crop&w=1000&q=80,3,Mysore Sandalwood & Amber Ambient Atmosphere,,,,,,,,,,,,,,,,,,,,,active
mysore-sandalwood-amber,,,,,,,,,,,,,,,,,,,,,,,,,https://images.unsplash.com/photo-1517457373958-b7bdd4587205?auto=format&fit=crop&w=1000&q=80,4,Mysore Sandalwood & Amber Unboxing & Artisanal Details,,,,,,,,,,,,,,,,,,,,,active
kashmir-saffron-oudh,Kashmir Saffron & Oudh,"<div class=""moamlight-product-description"" style=""font-family: 'Playfair Display', Georgia, serif; color: #2A2521; line-height: 1.8;"">
  <p class=""tagline"" style=""font-size: 1.15rem; font-style: italic; color: #8C4329; margin-bottom: 1.5rem; font-weight: 500;"">
    ""Hand-harvested Pampore saffron threads steeped in dark royal oudh and warm leather.""
  </p>

  <section class=""story-section"" style=""margin-bottom: 2rem;"">
    <h3 style=""font-size: 1.25rem; border-bottom: 1px solid #E6DCCD; padding-bottom: 0.5rem; text-transform: uppercase; letter-spacing: 0.1em; color: #1F1B18;"">
      The Olfactive Journey
    </h3>
    <p style=""font-size: 0.95rem; color: #4A423B; margin-top: 0.75rem;"">
      High in the plateaus of Pampore, saffron blossoms bloom for only two weeks each autumn. Blended with distillations of wild fallen agarwood from Assam, this candle encapsulates aristocratic warmth and royal Indian evening celebrations.
    </p>
  </section>

  <section class=""pyramid-section"" style=""margin-bottom: 2rem; background-color: #FAF7F2; padding: 1.25rem; border-radius: 8px; border: 1px solid #E6DCCD;"">
    <h3 style=""font-size: 1.1rem; text-transform: uppercase; letter-spacing: 0.08em; margin-top: 0; color: #8C4329;"">
      Scent Architecture
    </h3>
    <ul style=""list-style: none; padding-left: 0; margin: 0.75rem 0; font-size: 0.9rem;"">
      <li style=""margin-bottom: 0.5rem;""><strong>Top Notes:</strong> Crimson Saffron Threads • Blood Orange Zest • Pink Peppercorn</li>
      <li style=""margin-bottom: 0.5rem;""><strong>Heart Notes:</strong> Assam Smoked Oudh • Damask Rose Otto • Spiced Nutmeg</li>
      <li style=""margin-bottom: 0.5rem;""><strong>Base Notes:</strong> Dark Patchouli • Birch Tar • Labdanum Resin • Roasted Tonka</li>
    </ul>
    <p style=""font-size: 0.85rem; font-style: italic; color: #6E6359; margin-bottom: 0;"">
      An intoxicating regal perfume evoking Mughal garden twilight, blending rare Kashmiri saffron threads with smoky wild Assam agarwood and velvety Damask roses.
    </p>
  </section>

  <section class=""specs-section"" style=""margin-bottom: 2rem;"">
    <h3 style=""font-size: 1.1rem; border-bottom: 1px solid #E6DCCD; padding-bottom: 0.5rem; text-transform: uppercase; letter-spacing: 0.08em; color: #1F1B18;"">
      Artisan Specifications
    </h3>
    <table style=""width: 100%; border-collapse: collapse; font-size: 0.9rem; margin-top: 0.75rem;"">
      <tr>
        <td style=""padding: 6px 0; color: #6E6359; width: 35%;"">Wax Formulation:</td>
        <td style=""padding: 6px 0; color: #1F1B18; font-weight: 500;"">100% Golden Botanical Soy Wax</td>
      </tr>
      <tr>
        <td style=""padding: 6px 0; color: #6E6359;"">Wick:</td>
        <td style=""padding: 6px 0; color: #1F1B18; font-weight: 500;"">Dual Lead-Free Braided Cotton Wick</td>
      </tr>
      <tr>
        <td style=""padding: 6px 0; color: #6E6359;"">Vessel Design:</td>
        <td style=""padding: 6px 0; color: #1F1B18; font-weight: 500;"">Matte Charcoal Ceramic with Burnished Brass Lid</td>
      </tr>
      <tr>
        <td style=""padding: 6px 0; color: #6E6359;"">Dimensions:</td>
        <td style=""padding: 6px 0; color: #1F1B18; font-weight: 500;"">8.8 cm Dia x 10.2 cm H</td>
      </tr>
      <tr>
        <td style=""padding: 6px 0; color: #6E6359;"">Burn Time:</td>
        <td style=""padding: 6px 0; color: #1F1B18; font-weight: 500;"">55+ Hours (200g) / 80+ Hours (450g)</td>
      </tr>
      <tr>
        <td style=""padding: 6px 0; color: #6E6359;"">Provenance:</td>
        <td style=""padding: 6px 0; color: #1F1B18; font-weight: 500;"">Artisan hand-poured in micro-batches, Bengaluru, India</td>
      </tr>
    </table>
  </section>

  <section class=""ritual-section"" style=""background: #F4EFEB; padding: 1.25rem; border-radius: 8px;"">
    <h3 style=""font-size: 1.1rem; text-transform: uppercase; letter-spacing: 0.08em; margin-top: 0; color: #1F1B18;"">
      The Lighting Ritual
    </h3>
    <p style=""font-size: 0.88rem; color: #4A423B; margin-bottom: 0.75rem;"">
      <strong>The First Burn:</strong> Allow 3 full hours on the first light. Soy wax possesses scent memory; complete surface liquefaction prevents tunneling on future evenings.
    </p>
    <p style=""font-size: 0.88rem; color: #4A423B; margin-bottom: 0.75rem;"">
      <strong>Maintenance:</strong> Before relighting, snip the burnt mushroom carbon head to 5mm to avoid flickering and soot.
    </p>
    <p style=""font-size: 0.88rem; color: #4A423B; margin-bottom: 0;"">
      <strong>Vessel Rebirth:</strong> Clean the charcoal ceramic vessel with hot water and use it as an elegant desk caddy, brush holder, or keepsake canister.
    </p>
  </section>
</div>",MOAMLIGHT,Home & Garden > Decor > Home Fragrances > Candles,Luxury Scented Candle,"Woody & Meditative, bestseller, featured, soy wax, luxury candles, hand-poured, clean burn, botanical fragrance",TRUE,Size,200g,,,,,MOAM-KAS-200,200,shopify,50,deny,manual,1499.00,1799.00,TRUE,TRUE,,https://images.unsplash.com/photo-1605651202774-7d573fd3f12d?auto=format&fit=crop&w=1000&q=80,1,Kashmir Saffron & Oudh 200g Classic Amber Jar,FALSE,Kashmir Saffron & Oudh | Luxury Botanical Candle | MOAMLIGHT,Hand-harvested Pampore saffron threads steeped in dark royal oudh and warm leather. Handcrafted botanical soy wax candle poured in micro-batches with pure essential oils.,,,,,,,,,,,,,,https://images.unsplash.com/photo-1605651202774-7d573fd3f12d?auto=format&fit=crop&w=1000&q=80,g,,,active
kashmir-saffron-oudh,,,,,,,,Size,450g,,,,,MOAM-KAS-450,450,shopify,50,deny,manual,2199.00,2699.00,TRUE,TRUE,,https://images.unsplash.com/photo-1603006905003-be475563bc59?auto=format&fit=crop&w=1000&q=80,2,Kashmir Saffron & Oudh 450g Grand Ceramic Tumbler,,,,,,,,,,,,,,,,,https://images.unsplash.com/photo-1603006905003-be475563bc59?auto=format&fit=crop&w=1000&q=80,g,,,active
kashmir-saffron-oudh,,,,,,,,,,,,,,,,,,,,,,,,,https://images.unsplash.com/photo-1543459176-4426b37223ba?auto=format&fit=crop&w=1000&q=80,3,Kashmir Saffron & Oudh Ambient Atmosphere,,,,,,,,,,,,,,,,,,,,,active
kashmir-saffron-oudh,,,,,,,,,,,,,,,,,,,,,,,,,https://images.unsplash.com/photo-1572726728685-11286f53999b?auto=format&fit=crop&w=1000&q=80,4,Kashmir Saffron & Oudh Unboxing & Artisanal Details,,,,,,,,,,,,,,,,,,,,,active
malabar-vanilla-cinnamon,Malabar Vanilla & Cinnamon,"<div class=""moamlight-product-description"" style=""font-family: 'Playfair Display', Georgia, serif; color: #2A2521; line-height: 1.8;"">
  <p class=""tagline"" style=""font-size: 1.15rem; font-style: italic; color: #8C4329; margin-bottom: 1.5rem; font-weight: 500;"">
    ""Heirloom Malabar coast Ceylon cinnamon bark roasted with bourbon vanilla and creamy tonka.""
  </p>

  <section class=""story-section"" style=""margin-bottom: 2rem;"">
    <h3 style=""font-size: 1.25rem; border-bottom: 1px solid #E6DCCD; padding-bottom: 0.5rem; text-transform: uppercase; letter-spacing: 0.1em; color: #1F1B18;"">
      The Olfactive Journey
    </h3>
    <p style=""font-size: 0.95rem; color: #4A423B; margin-top: 0.75rem;"">
      The ancient spice ports of Kerala traded fragrant quills of genuine Ceylon cinnamon and pungent cardamom across oceans. We combined sun-dried cinnamon bark with rich organic vanilla bean for a restorative, fireside bakery warmth.
    </p>
  </section>

  <section class=""pyramid-section"" style=""margin-bottom: 2rem; background-color: #FAF7F2; padding: 1.25rem; border-radius: 8px; border: 1px solid #E6DCCD;"">
    <h3 style=""font-size: 1.1rem; text-transform: uppercase; letter-spacing: 0.08em; margin-top: 0; color: #8C4329;"">
      Scent Architecture
    </h3>
    <ul style=""list-style: none; padding-left: 0; margin: 0.75rem 0; font-size: 0.9rem;"">
      <li style=""margin-bottom: 0.5rem;""><strong>Top Notes:</strong> Crushed Ceylon Cinnamon • Star Anise • Grated Ginger Root</li>
      <li style=""margin-bottom: 0.5rem;""><strong>Heart Notes:</strong> Bourbon Vanilla Pod • Clove Buds • Steamed Oat Milk</li>
      <li style=""margin-bottom: 0.5rem;""><strong>Base Notes:</strong> Brown Sugar Glaze • Warm Amber • Creamy Sandalwood</li>
    </ul>
    <p style=""font-size: 0.85rem; font-style: italic; color: #6E6359; margin-bottom: 0;"">
      A comforting sanctuary aroma inspired by sun-cured spice spice plantations along the Malabar coastline, infused with golden vanilla bean and warming winter spices.
    </p>
  </section>

  <section class=""specs-section"" style=""margin-bottom: 2rem;"">
    <h3 style=""font-size: 1.1rem; border-bottom: 1px solid #E6DCCD; padding-bottom: 0.5rem; text-transform: uppercase; letter-spacing: 0.08em; color: #1F1B18;"">
      Artisan Specifications
    </h3>
    <table style=""width: 100%; border-collapse: collapse; font-size: 0.9rem; margin-top: 0.75rem;"">
      <tr>
        <td style=""padding: 6px 0; color: #6E6359; width: 35%;"">Wax Formulation:</td>
        <td style=""padding: 6px 0; color: #1F1B18; font-weight: 500;"">100% Golden Botanical Soy Wax</td>
      </tr>
      <tr>
        <td style=""padding: 6px 0; color: #6E6359;"">Wick:</td>
        <td style=""padding: 6px 0; color: #1F1B18; font-weight: 500;"">Dual Lead-Free Braided Cotton Wick</td>
      </tr>
      <tr>
        <td style=""padding: 6px 0; color: #6E6359;"">Vessel Design:</td>
        <td style=""padding: 6px 0; color: #1F1B18; font-weight: 500;"">Warm Terracotta Glazed Earthenware with Wood Lid</td>
      </tr>
      <tr>
        <td style=""padding: 6px 0; color: #6E6359;"">Dimensions:</td>
        <td style=""padding: 6px 0; color: #1F1B18; font-weight: 500;"">8.5 cm Dia x 9.8 cm H</td>
      </tr>
      <tr>
        <td style=""padding: 6px 0; color: #6E6359;"">Burn Time:</td>
        <td style=""padding: 6px 0; color: #1F1B18; font-weight: 500;"">55+ Hours (200g) / 80+ Hours (450g)</td>
      </tr>
      <tr>
        <td style=""padding: 6px 0; color: #6E6359;"">Provenance:</td>
        <td style=""padding: 6px 0; color: #1F1B18; font-weight: 500;"">Artisan hand-poured in micro-batches, Bengaluru, India</td>
      </tr>
    </table>
  </section>

  <section class=""ritual-section"" style=""background: #F4EFEB; padding: 1.25rem; border-radius: 8px;"">
    <h3 style=""font-size: 1.1rem; text-transform: uppercase; letter-spacing: 0.08em; margin-top: 0; color: #1F1B18;"">
      The Lighting Ritual
    </h3>
    <p style=""font-size: 0.88rem; color: #4A423B; margin-bottom: 0.75rem;"">
      <strong>The First Burn:</strong> Light on a cozy rainy evening and let the full top layer liquefy across 3 hours.
    </p>
    <p style=""font-size: 0.88rem; color: #4A423B; margin-bottom: 0.75rem;"">
      <strong>Maintenance:</strong> Keep wick trimmed to 5mm to prevent soot.
    </p>
    <p style=""font-size: 0.88rem; color: #4A423B; margin-bottom: 0;"">
      <strong>Vessel Rebirth:</strong> Clean wax residue with hot water and use the terracotta pot for spices or desk stationery.
    </p>
  </section>
</div>",MOAMLIGHT,Home & Garden > Decor > Home Fragrances > Candles,Luxury Scented Candle,"Spiced & Gourmand, bestseller, soy wax, luxury candles, hand-poured, clean burn, botanical fragrance",TRUE,Size,200g,,,,,MOAM-MAL-200,200,shopify,50,deny,manual,1199.00,1499.00,TRUE,TRUE,,https://images.unsplash.com/photo-1543459176-4426b37223ba?auto=format&fit=crop&w=1000&q=80,1,Malabar Vanilla & Cinnamon 200g Classic Amber Jar,FALSE,Malabar Vanilla & Cinnamon | Luxury Botanical Candle | MOAMLIGHT,Heirloom Malabar coast Ceylon cinnamon bark roasted with bourbon vanilla and creamy tonka. Handcrafted botanical soy wax candle poured in micro-batches with pure essential oils.,,,,,,,,,,,,,,https://images.unsplash.com/photo-1543459176-4426b37223ba?auto=format&fit=crop&w=1000&q=80,g,,,active
malabar-vanilla-cinnamon,,,,,,,,Size,450g,,,,,MOAM-MAL-450,450,shopify,50,deny,manual,1799.00,2199.00,TRUE,TRUE,,https://images.unsplash.com/photo-1572726728685-11286f53999b?auto=format&fit=crop&w=1000&q=80,2,Malabar Vanilla & Cinnamon 450g Grand Ceramic Tumbler,,,,,,,,,,,,,,,,,https://images.unsplash.com/photo-1572726728685-11286f53999b?auto=format&fit=crop&w=1000&q=80,g,,,active
malabar-vanilla-cinnamon,,,,,,,,,,,,,,,,,,,,,,,,,https://images.unsplash.com/photo-1603006905003-be475563bc59?auto=format&fit=crop&w=1000&q=80,3,Malabar Vanilla & Cinnamon Ambient Atmosphere,,,,,,,,,,,,,,,,,,,,,active
malabar-vanilla-cinnamon,,,,,,,,,,,,,,,,,,,,,,,,,https://images.unsplash.com/photo-1596433809252-260c2745dfdd?auto=format&fit=crop&w=1000&q=80,4,Malabar Vanilla & Cinnamon Unboxing & Artisanal Details,,,,,,,,,,,,,,,,,,,,,active
darjeeling-tea-bergamot,Darjeeling Tea & Bergamot,"<div class=""moamlight-product-description"" style=""font-family: 'Playfair Display', Georgia, serif; color: #2A2521; line-height: 1.8;"">
  <p class=""tagline"" style=""font-size: 1.15rem; font-style: italic; color: #8C4329; margin-bottom: 1.5rem; font-weight: 500;"">
    ""First-flush misty Himalayan tea leaves elevated with sun-drenched Italian bergamot.""
  </p>

  <section class=""story-section"" style=""margin-bottom: 2rem;"">
    <h3 style=""font-size: 1.25rem; border-bottom: 1px solid #E6DCCD; padding-bottom: 0.5rem; text-transform: uppercase; letter-spacing: 0.1em; color: #1F1B18;"">
      The Olfactive Journey
    </h3>
    <p style=""font-size: 0.95rem; color: #4A423B; margin-top: 0.75rem;"">
      In the crisp spring air of Darjeeling, first-flush tea leaves are hand-plucked at dawn while mist still shrouds the Kanchenjunga peaks. This clean, revitalizing blend brings mental clarity and uplift to work desks and reading studies.
    </p>
  </section>

  <section class=""pyramid-section"" style=""margin-bottom: 2rem; background-color: #FAF7F2; padding: 1.25rem; border-radius: 8px; border: 1px solid #E6DCCD;"">
    <h3 style=""font-size: 1.1rem; text-transform: uppercase; letter-spacing: 0.08em; margin-top: 0; color: #8C4329;"">
      Scent Architecture
    </h3>
    <ul style=""list-style: none; padding-left: 0; margin: 0.75rem 0; font-size: 0.9rem;"">
      <li style=""margin-bottom: 0.5rem;""><strong>Top Notes:</strong> Italian Bergamot • Crisp Lemon Zest • Crushed Mint Leaf</li>
      <li style=""margin-bottom: 0.5rem;""><strong>Heart Notes:</strong> First-Flush Darjeeling Black Tea • White Thyme • Dewy Neroli</li>
      <li style=""margin-bottom: 0.5rem;""><strong>Base Notes:</strong> Clary Sage • Himalayan Vetiver Root • Sheer Musk</li>
    </ul>
    <p style=""font-size: 0.85rem; font-style: italic; color: #6E6359; margin-bottom: 0;"">
      Luminous morning mist over terraced Himalayan tea gardens, woven with sparkling citrus zest and gentle aromatic herbs.
    </p>
  </section>

  <section class=""specs-section"" style=""margin-bottom: 2rem;"">
    <h3 style=""font-size: 1.1rem; border-bottom: 1px solid #E6DCCD; padding-bottom: 0.5rem; text-transform: uppercase; letter-spacing: 0.08em; color: #1F1B18;"">
      Artisan Specifications
    </h3>
    <table style=""width: 100%; border-collapse: collapse; font-size: 0.9rem; margin-top: 0.75rem;"">
      <tr>
        <td style=""padding: 6px 0; color: #6E6359; width: 35%;"">Wax Formulation:</td>
        <td style=""padding: 6px 0; color: #1F1B18; font-weight: 500;"">100% Golden Botanical Soy Wax</td>
      </tr>
      <tr>
        <td style=""padding: 6px 0; color: #6E6359;"">Wick:</td>
        <td style=""padding: 6px 0; color: #1F1B18; font-weight: 500;"">Dual Lead-Free Braided Cotton Wick</td>
      </tr>
      <tr>
        <td style=""padding: 6px 0; color: #6E6359;"">Vessel Design:</td>
        <td style=""padding: 6px 0; color: #1F1B18; font-weight: 500;"">Frosted Sage Green Glass with Raw Bamboo Lid</td>
      </tr>
      <tr>
        <td style=""padding: 6px 0; color: #6E6359;"">Dimensions:</td>
        <td style=""padding: 6px 0; color: #1F1B18; font-weight: 500;"">8.5 cm Dia x 9.8 cm H</td>
      </tr>
      <tr>
        <td style=""padding: 6px 0; color: #6E6359;"">Burn Time:</td>
        <td style=""padding: 6px 0; color: #1F1B18; font-weight: 500;"">55+ Hours (200g) / 80+ Hours (450g)</td>
      </tr>
      <tr>
        <td style=""padding: 6px 0; color: #6E6359;"">Provenance:</td>
        <td style=""padding: 6px 0; color: #1F1B18; font-weight: 500;"">Artisan hand-poured in micro-batches, Bengaluru, India</td>
      </tr>
    </table>
  </section>

  <section class=""ritual-section"" style=""background: #F4EFEB; padding: 1.25rem; border-radius: 8px;"">
    <h3 style=""font-size: 1.1rem; text-transform: uppercase; letter-spacing: 0.08em; margin-top: 0; color: #1F1B18;"">
      The Lighting Ritual
    </h3>
    <p style=""font-size: 0.88rem; color: #4A423B; margin-bottom: 0.75rem;"">
      <strong>The First Burn:</strong> Burn for 3 hours during quiet morning work hours to establish an even melt pool.
    </p>
    <p style=""font-size: 0.88rem; color: #4A423B; margin-bottom: 0.75rem;"">
      <strong>Maintenance:</strong> Trim wick to 1/4 inch before relighting.
    </p>
    <p style=""font-size: 0.88rem; color: #4A423B; margin-bottom: 0;"">
      <strong>Vessel Rebirth:</strong> Repurpose the frosted sage glass as an iced matcha glass or small flower vase.
    </p>
  </section>
</div>",MOAMLIGHT,Home & Garden > Decor > Home Fragrances > Candles,Luxury Scented Candle,"Fresh & Earthy, featured, soy wax, luxury candles, hand-poured, clean burn, botanical fragrance",TRUE,Size,200g,,,,,MOAM-DAR-200,200,shopify,50,deny,manual,1249.00,1499.00,TRUE,TRUE,,https://images.unsplash.com/photo-1612196808214-b8e1d6145a8c?auto=format&fit=crop&w=1000&q=80,1,Darjeeling Tea & Bergamot 200g Classic Amber Jar,FALSE,Darjeeling Tea & Bergamot | Luxury Botanical Candle | MOAMLIGHT,First-flush misty Himalayan tea leaves elevated with sun-drenched Italian bergamot. Handcrafted botanical soy wax candle poured in micro-batches with pure essential oils.,,,,,,,,,,,,,,https://images.unsplash.com/photo-1612196808214-b8e1d6145a8c?auto=format&fit=crop&w=1000&q=80,g,,,active
darjeeling-tea-bergamot,,,,,,,,Size,450g,,,,,MOAM-DAR-450,450,shopify,50,deny,manual,1849.00,2199.00,TRUE,TRUE,,https://images.unsplash.com/photo-1596433809252-260c2745dfdd?auto=format&fit=crop&w=1000&q=80,2,Darjeeling Tea & Bergamot 450g Grand Ceramic Tumbler,,,,,,,,,,,,,,,,,https://images.unsplash.com/photo-1596433809252-260c2745dfdd?auto=format&fit=crop&w=1000&q=80,g,,,active
darjeeling-tea-bergamot,,,,,,,,,,,,,,,,,,,,,,,,,https://images.unsplash.com/photo-1603006905003-be475563bc59?auto=format&fit=crop&w=1000&q=80,3,Darjeeling Tea & Bergamot Ambient Atmosphere,,,,,,,,,,,,,,,,,,,,,active
darjeeling-tea-bergamot,,,,,,,,,,,,,,,,,,,,,,,,,https://images.unsplash.com/photo-1588776814546-1ffcf47267a5?auto=format&fit=crop&w=1000&q=80,4,Darjeeling Tea & Bergamot Unboxing & Artisanal Details,,,,,,,,,,,,,,,,,,,,,active
mogra-star-jasmine,Mogra & Star Jasmine,"<div class=""moamlight-product-description"" style=""font-family: 'Playfair Display', Georgia, serif; color: #2A2521; line-height: 1.8;"">
  <p class=""tagline"" style=""font-size: 1.15rem; font-style: italic; color: #8C4329; margin-bottom: 1.5rem; font-weight: 500;"">
    ""Sweet evening-blooming Madurai mogra garlands intertwined with dew-kissed star jasmine.""
  </p>

  <section class=""story-section"" style=""margin-bottom: 2rem;"">
    <h3 style=""font-size: 1.25rem; border-bottom: 1px solid #E6DCCD; padding-bottom: 0.5rem; text-transform: uppercase; letter-spacing: 0.1em; color: #1F1B18;"">
      The Olfactive Journey
    </h3>
    <p style=""font-size: 0.95rem; color: #4A423B; margin-top: 0.75rem;"">
      In Madurai, jasmine flowers are picked when closed as dusk approaches, opening only at nightfall to release their most concentrated ethereal perfume. This candle recreates the scent of festive courtyards adorned with fresh mogra garlands.
    </p>
  </section>

  <section class=""pyramid-section"" style=""margin-bottom: 2rem; background-color: #FAF7F2; padding: 1.25rem; border-radius: 8px; border: 1px solid #E6DCCD;"">
    <h3 style=""font-size: 1.1rem; text-transform: uppercase; letter-spacing: 0.08em; margin-top: 0; color: #8C4329;"">
      Scent Architecture
    </h3>
    <ul style=""list-style: none; padding-left: 0; margin: 0.75rem 0; font-size: 0.9rem;"">
      <li style=""margin-bottom: 0.5rem;""><strong>Top Notes:</strong> Green Ivy Tendrils • Morning Dewdrops • Neroli Blossom</li>
      <li style=""margin-bottom: 0.5rem;""><strong>Heart Notes:</strong> Madurai Mogra (Arabian Jasmine) • Night-Blooming Jasmine • Ylang-Ylang</li>
      <li style=""margin-bottom: 0.5rem;""><strong>Base Notes:</strong> White Sandalwood Silk • Soft Amber • Pure Benzoin</li>
    </ul>
    <p style=""font-size: 0.85rem; font-style: italic; color: #6E6359; margin-bottom: 0;"">
      The intoxicating midnight bloom of Tamil Nadu mogra flower markets, celebrating the sacred, joyful beauty of Indian wedding nights and festive evenings.
    </p>
  </section>

  <section class=""specs-section"" style=""margin-bottom: 2rem;"">
    <h3 style=""font-size: 1.1rem; border-bottom: 1px solid #E6DCCD; padding-bottom: 0.5rem; text-transform: uppercase; letter-spacing: 0.08em; color: #1F1B18;"">
      Artisan Specifications
    </h3>
    <table style=""width: 100%; border-collapse: collapse; font-size: 0.9rem; margin-top: 0.75rem;"">
      <tr>
        <td style=""padding: 6px 0; color: #6E6359; width: 35%;"">Wax Formulation:</td>
        <td style=""padding: 6px 0; color: #1F1B18; font-weight: 500;"">100% Golden Botanical Soy Wax</td>
      </tr>
      <tr>
        <td style=""padding: 6px 0; color: #6E6359;"">Wick:</td>
        <td style=""padding: 6px 0; color: #1F1B18; font-weight: 500;"">Dual Lead-Free Braided Cotton Wick</td>
      </tr>
      <tr>
        <td style=""padding: 6px 0; color: #6E6359;"">Vessel Design:</td>
        <td style=""padding: 6px 0; color: #1F1B18; font-weight: 500;"">Glossy Warm Alabaster Glass with Gold Foil Stamp</td>
      </tr>
      <tr>
        <td style=""padding: 6px 0; color: #6E6359;"">Dimensions:</td>
        <td style=""padding: 6px 0; color: #1F1B18; font-weight: 500;"">8.5 cm Dia x 10 cm H</td>
      </tr>
      <tr>
        <td style=""padding: 6px 0; color: #6E6359;"">Burn Time:</td>
        <td style=""padding: 6px 0; color: #1F1B18; font-weight: 500;"">55+ Hours (200g) / 80+ Hours (450g)</td>
      </tr>
      <tr>
        <td style=""padding: 6px 0; color: #6E6359;"">Provenance:</td>
        <td style=""padding: 6px 0; color: #1F1B18; font-weight: 500;"">Artisan hand-poured in micro-batches, Bengaluru, India</td>
      </tr>
    </table>
  </section>

  <section class=""ritual-section"" style=""background: #F4EFEB; padding: 1.25rem; border-radius: 8px;"">
    <h3 style=""font-size: 1.1rem; text-transform: uppercase; letter-spacing: 0.08em; margin-top: 0; color: #1F1B18;"">
      The Lighting Ritual
    </h3>
    <p style=""font-size: 0.88rem; color: #4A423B; margin-bottom: 0.75rem;"">
      <strong>The First Burn:</strong> Light before twilight gatherings and let it burn for 3 to 4 hours to ensure an optimal melt pool.
    </p>
    <p style=""font-size: 0.88rem; color: #4A423B; margin-bottom: 0.75rem;"">
      <strong>Maintenance:</strong> Snip wick to 5mm before every relight.
    </p>
    <p style=""font-size: 0.88rem; color: #4A423B; margin-bottom: 0;"">
      <strong>Vessel Rebirth:</strong> Clean out with warm water and use as a stunning makeup brush holder or bathroom vanity organizer.
    </p>
  </section>
</div>",MOAMLIGHT,Home & Garden > Decor > Home Fragrances > Candles,Luxury Scented Candle,"Floral & Nocturnal, bestseller, featured, soy wax, luxury candles, hand-poured, clean burn, botanical fragrance",TRUE,Size,200g,,,,,MOAM-MOG-200,200,shopify,50,deny,manual,1349.00,1699.00,TRUE,TRUE,,https://images.unsplash.com/photo-1602874801007-bd458bb1b8b8?auto=format&fit=crop&w=1000&q=80,1,Mogra & Star Jasmine 200g Classic Amber Jar,FALSE,Mogra & Star Jasmine | Luxury Botanical Candle | MOAMLIGHT,Sweet evening-blooming Madurai mogra garlands intertwined with dew-kissed star jasmine. Handcrafted botanical soy wax candle poured in micro-batches with pure essential oils.,,,,,,,,,,,,,,https://images.unsplash.com/photo-1602874801007-bd458bb1b8b8?auto=format&fit=crop&w=1000&q=80,g,,,active
mogra-star-jasmine,,,,,,,,Size,450g,,,,,MOAM-MOG-450,450,shopify,50,deny,manual,1949.00,2399.00,TRUE,TRUE,,https://images.unsplash.com/photo-1596433809252-260c2745dfdd?auto=format&fit=crop&w=1000&q=80,2,Mogra & Star Jasmine 450g Grand Ceramic Tumbler,,,,,,,,,,,,,,,,,https://images.unsplash.com/photo-1596433809252-260c2745dfdd?auto=format&fit=crop&w=1000&q=80,g,,,active
mogra-star-jasmine,,,,,,,,,,,,,,,,,,,,,,,,,https://images.unsplash.com/photo-1603006905003-be475563bc59?auto=format&fit=crop&w=1000&q=80,3,Mogra & Star Jasmine Ambient Atmosphere,,,,,,,,,,,,,,,,,,,,,active
mogra-star-jasmine,,,,,,,,,,,,,,,,,,,,,,,,,https://images.unsplash.com/photo-1517457373958-b7bdd4587205?auto=format&fit=crop&w=1000&q=80,4,Mogra & Star Jasmine Unboxing & Artisanal Details,,,,,,,,,,,,,,,,,,,,,active
monsoon-petrichor-vetiver,Monsoon Petrichor & Vetiver,"<div class=""moamlight-product-description"" style=""font-family: 'Playfair Display', Georgia, serif; color: #2A2521; line-height: 1.8;"">
  <p class=""tagline"" style=""font-size: 1.15rem; font-style: italic; color: #8C4329; margin-bottom: 1.5rem; font-weight: 500;"">
    ""The unforgettable aroma of parched earth meeting the first drops of Indian monsoon rain (Mitti Attar).""
  </p>

  <section class=""story-section"" style=""margin-bottom: 2rem;"">
    <h3 style=""font-size: 1.25rem; border-bottom: 1px solid #E6DCCD; padding-bottom: 0.5rem; text-transform: uppercase; letter-spacing: 0.1em; color: #1F1B18;"">
      The Olfactive Journey
    </h3>
    <p style=""font-size: 0.95rem; color: #4A423B; margin-top: 0.75rem;"">
      In the ancient perfume capital of Kannauj, hydro-distillation of baked alluvial earth into sandalwood oil creates Mitti Attar—the scent of rain. We combined genuine clay distillates with earthy Khus vetiver roots to capture the emotional relief of India’s first monsoon showers.
    </p>
  </section>

  <section class=""pyramid-section"" style=""margin-bottom: 2rem; background-color: #FAF7F2; padding: 1.25rem; border-radius: 8px; border: 1px solid #E6DCCD;"">
    <h3 style=""font-size: 1.1rem; text-transform: uppercase; letter-spacing: 0.08em; margin-top: 0; color: #8C4329;"">
      Scent Architecture
    </h3>
    <ul style=""list-style: none; padding-left: 0; margin: 0.75rem 0; font-size: 0.9rem;"">
      <li style=""margin-bottom: 0.5rem;""><strong>Top Notes:</strong> Ozone Rain Mist • Crushed Lemongrass • Wet Peat Moss</li>
      <li style=""margin-bottom: 0.5rem;""><strong>Heart Notes:</strong> Baked Indian Mitti (Clay Attar) • Himalayan Pine Needle • Lotus Leaf</li>
      <li style=""margin-bottom: 0.5rem;""><strong>Base Notes:</strong> Roots of Khus (Wild Vetiver) • Damp Oakmoss • Cedar Resin</li>
    </ul>
    <p style=""font-size: 0.85rem; font-style: italic; color: #6E6359; margin-bottom: 0;"">
      The poetic scent of Kannauj mitti attar, capturing that ecstatic breath when summer’s first raindrops strike sun-baked red soil.
    </p>
  </section>

  <section class=""specs-section"" style=""margin-bottom: 2rem;"">
    <h3 style=""font-size: 1.1rem; border-bottom: 1px solid #E6DCCD; padding-bottom: 0.5rem; text-transform: uppercase; letter-spacing: 0.08em; color: #1F1B18;"">
      Artisan Specifications
    </h3>
    <table style=""width: 100%; border-collapse: collapse; font-size: 0.9rem; margin-top: 0.75rem;"">
      <tr>
        <td style=""padding: 6px 0; color: #6E6359; width: 35%;"">Wax Formulation:</td>
        <td style=""padding: 6px 0; color: #1F1B18; font-weight: 500;"">100% Golden Botanical Soy Wax</td>
      </tr>
      <tr>
        <td style=""padding: 6px 0; color: #6E6359;"">Wick:</td>
        <td style=""padding: 6px 0; color: #1F1B18; font-weight: 500;"">Dual Lead-Free Braided Cotton Wick</td>
      </tr>
      <tr>
        <td style=""padding: 6px 0; color: #6E6359;"">Vessel Design:</td>
        <td style=""padding: 6px 0; color: #1F1B18; font-weight: 500;"">Smokey Amber Glass Jar with Cork Lid</td>
      </tr>
      <tr>
        <td style=""padding: 6px 0; color: #6E6359;"">Dimensions:</td>
        <td style=""padding: 6px 0; color: #1F1B18; font-weight: 500;"">8.5 cm Dia x 10 cm H</td>
      </tr>
      <tr>
        <td style=""padding: 6px 0; color: #6E6359;"">Burn Time:</td>
        <td style=""padding: 6px 0; color: #1F1B18; font-weight: 500;"">55+ Hours (200g) / 80+ Hours (450g)</td>
      </tr>
      <tr>
        <td style=""padding: 6px 0; color: #6E6359;"">Provenance:</td>
        <td style=""padding: 6px 0; color: #1F1B18; font-weight: 500;"">Artisan hand-poured in micro-batches, Bengaluru, India</td>
      </tr>
    </table>
  </section>

  <section class=""ritual-section"" style=""background: #F4EFEB; padding: 1.25rem; border-radius: 8px;"">
    <h3 style=""font-size: 1.1rem; text-transform: uppercase; letter-spacing: 0.08em; margin-top: 0; color: #1F1B18;"">
      The Lighting Ritual
    </h3>
    <p style=""font-size: 0.88rem; color: #4A423B; margin-bottom: 0.75rem;"">
      <strong>The First Burn:</strong> Burn for 3–4 hours while reading or unwinding in the evening to achieve full edge-to-edge melt pool.
    </p>
    <p style=""font-size: 0.88rem; color: #4A423B; margin-bottom: 0.75rem;"">
      <strong>Maintenance:</strong> Trim cotton wick to 5mm to keep flame steady and smoke-free.
    </p>
    <p style=""font-size: 0.88rem; color: #4A423B; margin-bottom: 0;"">
      <strong>Vessel Rebirth:</strong> Wash with warm soapy water and use as an indoor herb planter or incense holder.
    </p>
  </section>
</div>",MOAMLIGHT,Home & Garden > Decor > Home Fragrances > Candles,Luxury Scented Candle,"Fresh & Earthy, featured, soy wax, luxury candles, hand-poured, clean burn, botanical fragrance",TRUE,Size,200g,,,,,MOAM-MON-200,200,shopify,50,deny,manual,1399.00,1699.00,TRUE,TRUE,,https://images.unsplash.com/photo-1588776814546-1ffcf47267a5?auto=format&fit=crop&w=1000&q=80,1,Monsoon Petrichor & Vetiver 200g Classic Amber Jar,FALSE,Monsoon Petrichor & Vetiver | Luxury Botanical Candle | MOAMLIGHT,The unforgettable aroma of parched earth meeting the first drops of Indian monsoon rain (Mitti Attar). Handcrafted botanical soy wax candle poured in micro-batches with pure essential oils.,,,,,,,,,,,,,,https://images.unsplash.com/photo-1588776814546-1ffcf47267a5?auto=format&fit=crop&w=1000&q=80,g,,,active
monsoon-petrichor-vetiver,,,,,,,,Size,450g,,,,,MOAM-MON-450,450,shopify,50,deny,manual,1999.00,2499.00,TRUE,TRUE,,https://images.unsplash.com/photo-1605651202774-7d573fd3f12d?auto=format&fit=crop&w=1000&q=80,2,Monsoon Petrichor & Vetiver 450g Grand Ceramic Tumbler,,,,,,,,,,,,,,,,,https://images.unsplash.com/photo-1605651202774-7d573fd3f12d?auto=format&fit=crop&w=1000&q=80,g,,,active
monsoon-petrichor-vetiver,,,,,,,,,,,,,,,,,,,,,,,,,https://images.unsplash.com/photo-1572726728685-11286f53999b?auto=format&fit=crop&w=1000&q=80,3,Monsoon Petrichor & Vetiver Ambient Atmosphere,,,,,,,,,,,,,,,,,,,,,active
monsoon-petrichor-vetiver,,,,,,,,,,,,,,,,,,,,,,,,,https://images.unsplash.com/photo-1603006905003-be475563bc59?auto=format&fit=crop&w=1000&q=80,4,Monsoon Petrichor & Vetiver Unboxing & Artisanal Details,,,,,,,,,,,,,,,,,,,,,active